ticker,filing_date,label_end_date,forward_return,source_type,price_source,sentiment_score,revenue_growth,net_margin,cashflow_margin,liabilities_to_assets
DEMO0,2016-01-01,2016-01-29,-0.06522833886656898,synthetic_demo,seeded synthetic generator; not market prices,0.5479120971119267,-0.08479809274885947,0.1600360956645166,0.17643388298347282,0.2659241435213547
DEMO1,2016-01-01,2016-01-29,0.06603189144952519,synthetic_demo,seeded synthetic generator; not market prices,0.5222794039807059,0.002050888918770137,0.0986559073996569,0.06881736434558519,0.45955861696280687
DEMO2,2016-01-01,2016-01-29,-0.010432720957065947,synthetic_demo,seeded synthetic generator; not market prices,0.2877302401613291,0.17526894483616395,0.13740074738016367,0.0684424522270057,0.5882093509110844
DEMO3,2016-01-01,2016-01-29,0.011395520001791818,synthetic_demo,seeded synthetic generator; not market prices,0.6552623439851641,0.03400889068164965,0.08521101091637916,0.07914422733576351,0.8794886170764322
DEMO4,2016-01-01,2016-01-29,0.0529833203593999,synthetic_demo,seeded synthetic generator; not market prices,0.5567669941475237,-0.002256026058587546,0.1425847348442679,0.1419266438618447,0.3080026444472835
DEMO0,2016-02-01,2016-02-29,0.07844600489313631,synthetic_demo,seeded synthetic generator; not market prices,0.48952431181563427,-0.008769801966153866,0.05902058167427702,0.07117363630512732,0.5286890678930656
DEMO1,2016-02-01,2016-02-29,-0.012195970565048515,synthetic_demo,seeded synthetic generator; not market prices,-0.7401569893290567,-0.060818777235503364,0.034041502744700844,0.15903556726948206,0.5060063432106314
DEMO2,2016-02-01,2016-02-29,0.04762434019522246,synthetic_demo,seeded synthetic generator; not market prices,0.6645196027904021,0.06785935876800638,0.10933486473125827,0.13312131580374076,0.6777468527824828
DEMO3,2016-02-01,2016-02-29,-0.03212416125169592,synthetic_demo,seeded synthetic generator; not market prices,-0.6001835950497834,0.048109488338666975,0.12312955189519874,0.1578772935503124,0.6936157650384345
DEMO4,2016-02-01,2016-02-29,0.042328957730452366,synthetic_demo,seeded synthetic generator; not market prices,-0.08216844892332009,-0.03666534178920102,0.07798861990186531,0.20969647867406374,0.6678820732533302
DEMO0,2016-03-01,2016-03-29,0.05160324511642439,synthetic_demo,seeded synthetic generator; not market prices,0.13047221296237765,-0.0001862035982929805,0.11302024520840045,0.15517333988155668,0.5914450125217895
DEMO1,2016-03-01,2016-03-29,-0.10302026342009979,synthetic_demo,seeded synthetic generator; not market prices,-0.9383643308641212,-0.01548221511974806,0.16863807050057233,0.1085217405071031,0.7973821512877162
DEMO2,2016-03-01,2016-03-29,-0.0021336130040855664,synthetic_demo,seeded synthetic generator; not market prices,-0.883394516621868,0.09965928928645168,0.11139405888564523,0.16142912124406608,0.5899225066388949
DEMO3,2016-03-01,2016-03-29,-0.0014904098936830874,synthetic_demo,seeded synthetic generator; not market prices,0.3286270806547751,0.0028784152335713936,0.13654201900459292,0.08028444353600092,0.21589845119370235
DEMO4,2016-03-01,2016-03-29,0.06215677648279598,synthetic_demo,seeded synthetic generator; not market prices,0.4447187011929006,0.09843669769426983,0.06244781278378209,0.12074964712366124,0.30661847189921787
DEMO0,2016-04-01,2016-04-29,-0.08741122372752994,synthetic_demo,seeded synthetic generator; not market prices,-0.1076874488519386,0.028181741858869166,0.0661361350364677,0.11521690734561606,0.4532688273873733
DEMO1,2016-04-01,2016-04-29,0.04075620150651865,synthetic_demo,seeded synthetic generator; not market prices,-0.7639881957589694,-0.07966961931217781,0.13198193813787493,0.06567125667839635,0.3861089730216637
DEMO2,2016-04-01,2016-04-29,0.022052537456553955,synthetic_demo,seeded synthetic generator; not market prices,0.5575018079315892,0.1285018682160504,0.025310585599209845,0.10767374652794219,0.2674736735074495
DEMO3,2016-04-01,2016-04-29,-0.11631425094435324,synthetic_demo,seeded synthetic generator; not market prices,-0.08844742033277786,-0.16727845078308182,0.1347538914836686,0.13426413613993668,0.32374094805746223
DEMO4,2016-04-01,2016-04-29,-0.0012887574513886692,synthetic_demo,seeded synthetic generator; not market prices,0.5170390596704202,-0.023539125087656286,0.11861409690837632,0.12131112873140656,0.6088685782389149
DEMO0,2016-05-01,2016-05-29,0.007767897766829511,synthetic_demo,seeded synthetic generator; not market prices,-0.8311113577202218,0.06151307619475794,0.11759973471774121,0.20155125451442618,0.4309028486329497
DEMO1,2016-05-01,2016-05-29,-0.13814614263435185,synthetic_demo,seeded synthetic generator; not market prices,-0.7931940645548967,-0.1026515665187421,0.04881987738002019,0.0644054435156685,0.6067427977902764
DEMO2,2016-05-01,2016-05-29,0.04259359020946621,synthetic_demo,seeded synthetic generator; not market prices,0.1818309829628335,0.013333276348147197,-0.017664503560212624,0.059065255127547504,0.7479146590752004
DEMO3,2016-05-01,2016-05-29,0.09574789393488789,synthetic_demo,seeded synthetic generator; not market prices,-0.026683338323679306,0.3896634959208795,0.1331527546620797,0.06062771279808815,0.5314425807398677
DEMO4,2016-05-01,2016-05-29,-0.014800691714812592,synthetic_demo,seeded synthetic generator; not market prices,-0.33686200531489563,-0.009842871221562237,0.05103225607521536,0.11155254681501688,0.7784043469360504
DEMO0,2016-06-01,2016-06-29,-0.03653178435221216,synthetic_demo,seeded synthetic generator; not market prices,-0.7195018220027785,-0.0842784503390974,-0.033974635576348555,0.09082152545560014,0.39686364868730584
DEMO1,2016-06-01,2016-06-29,-0.02025187400285513,synthetic_demo,seeded synthetic generator; not market prices,0.4539892285737652,0.0556329425767463,0.1786191608818446,0.09004226408765087,0.3611497936264166
DEMO2,2016-06-01,2016-06-29,0.11380628927498931,synthetic_demo,seeded synthetic generator; not market prices,0.10970493878296672,0.2954163678922197,0.03428906566204912,0.1703093522241807,0.42199722497590075
DEMO3,2016-06-01,2016-06-29,-0.03432467934966439,synthetic_demo,seeded synthetic generator; not market prices,-0.41816432371976275,0.021203452281029152,0.09673899790916528,0.08071273827423657,0.3152254723074127
DEMO4,2016-06-01,2016-06-29,-0.039422398680573546,synthetic_demo,seeded synthetic generator; not market prices,-0.12980587999392412,-0.1133525089183543,0.11380703341776957,0.21474547538462607,0.8235547436149673
DEMO0,2016-07-01,2016-07-29,0.06891336514239095,synthetic_demo,seeded synthetic generator; not market prices,0.037716720772898116,0.19672020900481899,0.1175506001091085,0.09534436614997577,0.46156041021159705
DEMO1,2016-07-01,2016-07-29,0.1275784792272306,synthetic_demo,seeded synthetic generator; not market prices,0.493579222698052,0.06198813246662874,0.0020424774623599845,0.0379104480452601,0.28593055268804024
DEMO2,2016-07-01,2016-07-29,0.026480037055129833,synthetic_demo,seeded synthetic generator; not market prices,-0.6934313667510119,-0.005982478536318524,0.21691554337937619,0.05357725907739072,0.41722657103006633
DEMO3,2016-07-01,2016-07-29,0.047817291828910674,synthetic_demo,seeded synthetic generator; not market prices,0.9436528521219347,0.039385375993591445,0.086924568118039,0.140254472927936,0.36075922099919866
DEMO4,2016-07-01,2016-07-29,-0.08398254503210315,synthetic_demo,seeded synthetic generator; not market prices,0.35531734722571495,-0.2060206521237227,0.09610252784559056,0.06940618378242773,0.6067816264546316
DEMO0,2016-08-01,2016-08-29,0.07423753410323719,synthetic_demo,seeded synthetic generator; not market prices,0.6082490523645254,0.14990830508272157,-0.006111417419165113,0.12183788955566505,0.28662766255524125
DEMO1,2016-08-01,2016-08-29,-0.01566068444815599,synthetic_demo,seeded synthetic generator; not market prices,-0.20484361235011872,0.0006792286765646971,0.18022062602436834,0.15228692622023554,0.868936279932879
DEMO2,2016-08-01,2016-08-29,0.04425077602204159,synthetic_demo,seeded synthetic generator; not market prices,0.8496168586240542,0.01313694197434006,0.11939974330169772,0.13059440150722265,0.2741281826255273
DEMO3,2016-08-01,2016-08-29,-0.01529543678559303,synthetic_demo,seeded synthetic generator; not market prices,-0.16177136136739234,0.34209688450407044,0.25014756890253365,0.0688053989664708,0.7630526409290794
DEMO4,2016-08-01,2016-08-29,-0.0888379905199444,synthetic_demo,seeded synthetic generator; not market prices,0.5695268985043749,0.07787260043084085,0.1964682896710587,0.07625496973538348,0.7577719618276131
DEMO0,2016-09-01,2016-09-29,-0.12817032780114188,synthetic_demo,seeded synthetic generator; not market prices,0.061539181198106974,-0.08748972942314756,0.05764484581071411,0.0673883533099447,0.6563517179059819
DEMO1,2016-09-01,2016-09-29,0.21444739925031756,synthetic_demo,seeded synthetic generator; not market prices,-0.09220623584740051,0.29550965344339575,-0.0029938065019224774,0.05419286529272162,0.7715981343967373
DEMO2,2016-09-01,2016-09-29,-0.041507766759989816,synthetic_demo,seeded synthetic generator; not market prices,-0.8668822860896437,-0.004189874814563663,0.12732444407524077,0.22372185866433553,0.4172342717468521
DEMO3,2016-09-01,2016-09-29,0.0349857847616847,synthetic_demo,seeded synthetic generator; not market prices,0.8419409449749005,0.09217192893599424,0.06990751430159206,0.11197062212903752,0.2808430445657485
DEMO4,2016-09-01,2016-09-29,-0.016197105473108903,synthetic_demo,seeded synthetic generator; not market prices,-0.8892091816714798,0.06786038675515071,0.055573822494478724,0.14829231135270834,0.6765001687596545
DEMO0,2016-10-01,2016-10-29,-0.003910066499744866,synthetic_demo,seeded synthetic generator; not market prices,-0.3640178060959012,0.04637864170934408,0.10000675144731314,0.07670651798742915,0.23043254340895436
DEMO1,2016-10-01,2016-10-29,0.047743285464168096,synthetic_demo,seeded synthetic generator; not market prices,-0.5012248483355763,0.2288025882970291,0.13086772420452006,0.07421656741831395,0.4615298969217001
DEMO2,2016-10-01,2016-10-29,0.07106518278994257,synthetic_demo,seeded synthetic generator; not market prices,-0.7966561941925681,0.18293715437066382,0.12101993801177108,0.14880860420349665,0.26937919910591285
DEMO3,2016-10-01,2016-10-29,-0.01476185182276483,synthetic_demo,seeded synthetic generator; not market prices,0.8053062878552342,-0.09325168212973736,0.062278015404004086,0.13582303226139117,0.6497382931968834
DEMO4,2016-10-01,2016-10-29,-0.03709850938011548,synthetic_demo,seeded synthetic generator; not market prices,-0.7308955831737058,0.009762714615173758,0.1122050009681975,0.20828951837958942,0.5239595559154611
DEMO0,2016-11-01,2016-11-29,0.12570252977804047,synthetic_demo,seeded synthetic generator; not market prices,0.2791265424742202,0.07551927876245193,0.07024683349429682,0.01459669305128504,0.4918225580164195
DEMO1,2016-11-01,2016-11-29,-0.006838279925903501,synthetic_demo,seeded synthetic generator; not market prices,-0.264976379769744,0.1436593616437826,0.07371798215016849,0.11632053925026915,0.6800203418191617
DEMO2,2016-11-01,2016-11-29,0.17040225803350584,synthetic_demo,seeded synthetic generator; not market prices,0.8977158534306808,0.10991862903852484,0.23858492843279555,0.19064471333866162,0.5748043528810022
DEMO3,2016-11-01,2016-11-29,0.09752111993119561,synthetic_demo,seeded synthetic generator; not market prices,0.30517468112020407,0.13935858121564706,0.07627432371722334,0.12399274895155228,0.4017089299277232
DEMO4,2016-11-01,2016-11-29,0.11832695026037188,synthetic_demo,seeded synthetic generator; not market prices,-0.5951908137485633,0.13388204109011936,0.08474791539958725,0.19027482560803916,0.2665670237609542
DEMO0,2016-12-01,2016-12-29,0.02611126133019498,synthetic_demo,seeded synthetic generator; not market prices,-0.8310135623529595,-0.14864483067838888,0.09464374616814394,0.04967956844431104,0.7606189232595677
DEMO1,2016-12-01,2016-12-29,-0.03962986107215601,synthetic_demo,seeded synthetic generator; not market prices,0.5652482092590938,-0.04387165142944955,0.01890261068476809,0.12196692557257564,0.6130531267508164
DEMO2,2016-12-01,2016-12-29,0.027456783096622174,synthetic_demo,seeded synthetic generator; not market prices,0.2323314000482426,-0.03827761896999148,0.19242496288853572,0.1565256883334664,0.5261896070868591
DEMO3,2016-12-01,2016-12-29,0.0777547536705553,synthetic_demo,seeded synthetic generator; not market prices,0.5278467800131759,0.08966683424472316,0.2292967745320966,-0.003794296608284564,0.8518653649830712
DEMO4,2016-12-01,2016-12-29,0.06355220123988403,synthetic_demo,seeded synthetic generator; not market prices,-0.765792868199779,0.21711388576642107,0.12946852901605269,0.17079503915060423,0.7420249912992902
DEMO0,2017-01-01,2017-01-29,-0.004131486355371651,synthetic_demo,seeded synthetic generator; not market prices,-0.33272448334352367,0.06794536241646021,0.11875207141589568,0.13622059435690353,0.4549344124404378
DEMO1,2017-01-01,2017-01-29,0.09075371746417087,synthetic_demo,seeded synthetic generator; not market prices,-0.6847767027500007,0.0860072637224194,0.17998593975282356,0.05648783508129544,0.4683238759441869
DEMO2,2017-01-01,2017-01-29,0.07406256648487264,synthetic_demo,seeded synthetic generator; not market prices,0.10598613050579986,-0.05867000207483843,0.1161844953464955,0.1706631114291192,0.46345163143657836
DEMO3,2017-01-01,2017-01-29,-0.07525054176365846,synthetic_demo,seeded synthetic generator; not market prices,0.43552047200728694,0.14101840802680743,0.14432932010592747,0.2596591860207651,0.6459517187938453
DEMO4,2017-01-01,2017-01-29,-0.07659810879349097,synthetic_demo,seeded synthetic generator; not market prices,0.17651599993844136,-0.014923931714819073,0.10863043554744264,0.1985730410916316,0.7777796578374248
DEMO0,2017-02-01,2017-03-01,-0.10014788191615885,synthetic_demo,seeded synthetic generator; not market prices,-0.08290383640289778,-0.05529635480305086,0.13517092848135948,0.15145127056876626,0.746905824802061
DEMO1,2017-02-01,2017-03-01,0.05312731630621416,synthetic_demo,seeded synthetic generator; not market prices,0.9940693156751461,0.046522430246845874,0.062257917308933146,0.1475631463029967,0.274493672309968
DEMO2,2017-02-01,2017-03-01,0.004876701059547213,synthetic_demo,seeded synthetic generator; not market prices,-0.8191185460317345,0.0675053648938082,0.14240517644811734,0.07771960422780705,0.3001153126166445
DEMO3,2017-02-01,2017-03-01,0.037288970661012596,synthetic_demo,seeded synthetic generator; not market prices,-0.6035915455742042,-0.007248940666948651,0.14169338045856902,0.10404967248507725,0.20380088389009032
DEMO4,2017-02-01,2017-03-01,0.022606730203522888,synthetic_demo,seeded synthetic generator; not market prices,0.21185035529545537,-0.11557667936897131,-0.018574831795425656,-0.020016967190898294,0.24006235810728227
DEMO0,2017-03-01,2017-03-29,0.010676953850264029,synthetic_demo,seeded synthetic generator; not market prices,0.8555908603445608,0.06373480983302225,0.1871373997368634,0.19966116793606148,0.2281059096829465
DEMO1,2017-03-01,2017-03-29,-0.05136053916152404,synthetic_demo,seeded synthetic generator; not market prices,-0.7501526413887138,0.02822986349558486,0.20828687116555178,0.12552759950604656,0.7957917698333545
DEMO2,2017-03-01,2017-03-29,-0.09040962746994573,synthetic_demo,seeded synthetic generator; not market prices,0.4692421838703231,-0.06657606244803829,0.07135866495404566,0.1682151011627161,0.8861433494290771
DEMO3,2017-03-01,2017-03-29,0.007403267720015844,synthetic_demo,seeded synthetic generator; not market prices,-0.8909993700174088,-0.08486527269890412,0.13797576707705617,0.1121348009587364,0.6967047995704345
DEMO4,2017-03-01,2017-03-29,-0.05828294833655301,synthetic_demo,seeded synthetic generator; not market prices,-0.8165579883516039,-0.024068028604826548,0.014419807096824819,0.08074300339874667,0.7488566638389855
DEMO0,2017-04-01,2017-04-29,0.0942614422086356,synthetic_demo,seeded synthetic generator; not market prices,0.1448262999172747,0.08343062247146124,0.20565293244225336,0.09943283094813724,0.6046120510652795
DEMO1,2017-04-01,2017-04-29,0.16566782857969567,synthetic_demo,seeded synthetic generator; not market prices,0.2984663104906178,0.17375109334928523,0.13067016905459763,0.11213174818779931,0.4828240735185362
DEMO2,2017-04-01,2017-04-29,0.004285476189121826,synthetic_demo,seeded synthetic generator; not market prices,-0.7615649476045108,0.048325736215933446,0.11281524746536603,0.18457440944798315,0.499532249576945
DEMO3,2017-04-01,2017-04-29,-0.050988449410438126,synthetic_demo,seeded synthetic generator; not market prices,0.269258234836526,0.07766898537490644,0.03333049552404754,0.024625950401461857,0.6118143738863058
DEMO4,2017-04-01,2017-04-29,0.0028335357026291128,synthetic_demo,seeded synthetic generator; not market prices,-0.9278803314452726,0.004817009602148585,0.25497849299436137,0.18635960219443787,0.6007205531854809
DEMO0,2017-05-01,2017-05-29,0.07560506661634492,synthetic_demo,seeded synthetic generator; not market prices,0.40400436222074276,0.005876339435188588,0.11482605195323056,0.15715026701852358,0.7512025553901678
DEMO1,2017-05-01,2017-05-29,0.02531013202369481,synthetic_demo,seeded synthetic generator; not market prices,-0.13716360964021979,0.04076068748347221,0.3078138981276666,0.1333847845575165,0.7156939819375543
DEMO2,2017-05-01,2017-05-29,-0.014746594539639703,synthetic_demo,seeded synthetic generator; not market prices,0.8421143945903833,0.03318601667287702,0.08636739350686365,0.07323105619647483,0.4201154842209409
DEMO3,2017-05-01,2017-05-29,0.015661384149890836,synthetic_demo,seeded synthetic generator; not market prices,-0.011716706965153145,0.11349830926600782,0.15324681890507433,0.1851172202667546,0.23889754183481454
DEMO4,2017-05-01,2017-05-29,-0.11718895301156536,synthetic_demo,seeded synthetic generator; not market prices,-0.33173991899690836,0.002959233334430489,0.17484377003721197,0.010115634947092583,0.21027799049204954
DEMO0,2017-06-01,2017-06-29,-0.10069461103108121,synthetic_demo,seeded synthetic generator; not market prices,0.7130960471491163,0.20366346757766912,0.17161479855773487,0.07683118600291258,0.283770789105426
DEMO1,2017-06-01,2017-06-29,0.0043742652607230426,synthetic_demo,seeded synthetic generator; not market prices,0.9168583618019448,0.3304498014696883,0.1347907417170918,0.08642566283703063,0.6813655344162648
DEMO2,2017-06-01,2017-06-29,0.040595897644202975,synthetic_demo,seeded synthetic generator; not market prices,-0.2243166096727005,0.051937296761888616,0.09311194785431612,0.16744836730140483,0.5675618120770828
DEMO3,2017-06-01,2017-06-29,0.09359263008107242,synthetic_demo,seeded synthetic generator; not market prices,-0.6681862642469327,0.14773784900926576,0.23031495580991931,0.06179102882091524,0.7873488116171994
DEMO4,2017-06-01,2017-06-29,0.02398224689450942,synthetic_demo,seeded synthetic generator; not market prices,-0.7168082228624506,0.20845856704798685,0.0645971430486253,0.20730273457624265,0.7287311209563212
DEMO0,2017-07-01,2017-07-29,-0.09892921440920244,synthetic_demo,seeded synthetic generator; not market prices,-0.06134613161919744,-0.0034124572933005443,0.024710232326003334,0.09308614751829873,0.23125436228199522
DEMO1,2017-07-01,2017-07-29,-0.1066695609727828,synthetic_demo,seeded synthetic generator; not market prices,-0.4158813393709433,-0.024652558114129176,0.19182501285868508,-0.02365561829402829,0.25888073418981744
DEMO2,2017-07-01,2017-07-29,0.044084007727037675,synthetic_demo,seeded synthetic generator; not market prices,0.6871767695250823,0.06971990813307317,0.08566186996401962,0.1047973458631191,0.7340321133276704
DEMO3,2017-07-01,2017-07-29,0.0379573710182414,synthetic_demo,seeded synthetic generator; not market prices,-0.26678323013477523,0.12482195690788608,0.15301327763083872,0.14310227625936606,0.5378007560111058
DEMO4,2017-07-01,2017-07-29,-0.05247798710999164,synthetic_demo,seeded synthetic generator; not market prices,0.7040310337623381,0.029548699473698814,0.07543334253323386,0.07478834517855733,0.7951920091836051
DEMO0,2017-08-01,2017-08-29,-0.015297900265721706,synthetic_demo,seeded synthetic generator; not market prices,-0.0023660829370295566,-0.021652524772422826,0.028896214941526527,0.11575917710087572,0.8421363707861733
DEMO1,2017-08-01,2017-08-29,0.03886642051620602,synthetic_demo,seeded synthetic generator; not market prices,-0.644986835126065,0.14802214768239558,0.15915301378407581,0.11042110155467898,0.8492223209528187
DEMO2,2017-08-01,2017-08-29,-0.03322330615391927,synthetic_demo,seeded synthetic generator; not market prices,-0.3849298551584277,-0.1337752711298057,0.09456157952124761,0.13572214872446287,0.6921234259892248
DEMO3,2017-08-01,2017-08-29,-0.06746342554674419,synthetic_demo,seeded synthetic generator; not market prices,0.963611895085071,0.2003423320014605,0.19983599880475456,0.10484895994182211,0.8323295103748372
DEMO4,2017-08-01,2017-08-29,-0.05005364481428056,synthetic_demo,seeded synthetic generator; not market prices,0.9264224470987592,0.004746529581744423,0.01422935828585127,0.16286378895783954,0.7126894520956515
DEMO0,2017-09-01,2017-09-29,0.1414996918081804,synthetic_demo,seeded synthetic generator; not market prices,0.10620760482255043,0.06825380419719164,0.22888929187996968,0.04665754124760581,0.40175977184153366
DEMO1,2017-09-01,2017-09-29,-0.034007264144774604,synthetic_demo,seeded synthetic generator; not market prices,0.49996707587053724,-0.010869650290380575,-0.03214073185434138,0.04313584758925007,0.7441401892704249
DEMO2,2017-09-01,2017-09-29,0.10494323157184265,synthetic_demo,seeded synthetic generator; not market prices,0.9710803389898524,0.06899916637850056,-0.04199696477137027,0.15092462417404864,0.7555775053919809
DEMO3,2017-09-01,2017-09-29,-0.09472082342227886,synthetic_demo,seeded synthetic generator; not market prices,0.11092342027552782,-0.03639383397226827,0.14329052886436253,0.16577558894021618,0.22587950904082196
DEMO4,2017-09-01,2017-09-29,-0.09976031510247499,synthetic_demo,seeded synthetic generator; not market prices,-0.9026030553722975,-0.08411696620092787,0.11882208892706109,0.03457593387605638,0.7416044779261384
DEMO0,2017-10-01,2017-10-29,0.014679328120909305,synthetic_demo,seeded synthetic generator; not market prices,0.47886293695301974,0.12565841637788794,0.11933156173414011,0.08316139191642617,0.6353284413626721
DEMO1,2017-10-01,2017-10-29,-0.04950567312168633,synthetic_demo,seeded synthetic generator; not market prices,-0.9909997501206818,0.07226961372143212,0.05042672526971092,0.14826817760399574,0.48094889028737153
DEMO2,2017-10-01,2017-10-29,-0.054526392610800944,synthetic_demo,seeded synthetic generator; not market prices,0.34322561771171745,-0.08487032630149197,-0.09302242647435921,0.21665621970071364,0.7973412698008415
DEMO3,2017-10-01,2017-10-29,0.042728375535828186,synthetic_demo,seeded synthetic generator; not market prices,0.18064050176629798,0.0027419228564867504,0.07710216401274647,0.10860456953866457,0.33131557735764394
DEMO4,2017-10-01,2017-10-29,-0.0517258538461747,synthetic_demo,seeded synthetic generator; not market prices,-0.3161461229086793,-0.13932867437831678,0.15593573853559103,0.24316109891675347,0.40745343990781546
DEMO0,2017-11-01,2017-11-29,0.08755359715862653,synthetic_demo,seeded synthetic generator; not market prices,-0.7263574439407474,0.11383081203622736,-0.038453728440577456,0.12986344217863813,0.8407091321998883
DEMO1,2017-11-01,2017-11-29,-0.032785136789359,synthetic_demo,seeded synthetic generator; not market prices,-0.731266173373877,0.24014651333434237,0.011700744177439423,0.15523555000816752,0.21236814669993856
DEMO2,2017-11-01,2017-11-29,-0.01474493239330816,synthetic_demo,seeded synthetic generator; not market prices,0.2690805299035943,0.18550226041979206,0.07409666365707195,0.018482241049814205,0.7263741851024408
DEMO3,2017-11-01,2017-11-29,-0.06077549211484137,synthetic_demo,seeded synthetic generator; not market prices,-0.4309182497763495,0.030209467637785484,-0.036452177281241366,0.02306049964075932,0.8363453700960639
DEMO4,2017-11-01,2017-11-29,0.09874673629613448,synthetic_demo,seeded synthetic generator; not market prices,0.48463589883595337,0.13418128439297622,0.12178958042193919,0.07716751055781096,0.36896044313866405
DEMO0,2017-12-01,2017-12-29,0.08845788756084429,synthetic_demo,seeded synthetic generator; not market prices,-0.6891168718331551,0.32591227392208877,0.133615087897995,0.1432621884757209,0.7486768765629994
DEMO1,2017-12-01,2017-12-29,0.0830644208989266,synthetic_demo,seeded synthetic generator; not market prices,-0.04748538282654868,0.1902070010278234,0.058294166509017226,0.09387555162336225,0.32962554146749734
DEMO2,2017-12-01,2017-12-29,0.02278383364233485,synthetic_demo,seeded synthetic generator; not market prices,-0.7962116853709102,-0.015060859177916074,0.0660181017765527,0.13884463343218795,0.503080745007437
DEMO3,2017-12-01,2017-12-29,-0.03574282826026453,synthetic_demo,seeded synthetic generator; not market prices,0.9195490446584407,-0.05920460563002735,0.03740669328308434,-0.019221360743168686,0.2458713037428677
DEMO4,2017-12-01,2017-12-29,0.09744419827294054,synthetic_demo,seeded synthetic generator; not market prices,0.0321756025142248,0.17355590699923162,0.08039514790474381,0.05815117678373077,0.46915306459294964
DEMO0,2018-01-01,2018-01-29,0.0038365328820870867,synthetic_demo,seeded synthetic generator; not market prices,0.3963794512198269,-0.06926898607057383,0.14468391674193787,0.10670783305615196,0.4916267431484035
DEMO1,2018-01-01,2018-01-29,-0.13875533093659492,synthetic_demo,seeded synthetic generator; not market prices,-0.7758592580026049,-0.08420937368487691,0.09903322793693861,0.10735859913821058,0.5426514045550457
DEMO2,2018-01-01,2018-01-29,-0.1487673449120222,synthetic_demo,seeded synthetic generator; not market prices,-0.13734595970710073,-0.0021142858661573685,0.018217577468213647,0.11422926378460006,0.42574330867741084
DEMO3,2018-01-01,2018-01-29,-0.07930444542697117,synthetic_demo,seeded synthetic generator; not market prices,-0.04027319889786973,-0.07074637302743211,0.21689430933762632,0.13695521897515778,0.8512692323124054
DEMO4,2018-01-01,2018-01-29,0.03722134459993645,synthetic_demo,seeded synthetic generator; not market prices,-0.07846078952086755,0.09373764600672524,0.10466194647483573,0.1529243291318476,0.2967437601469715
DEMO0,2018-02-01,2018-03-01,0.056193302167366885,synthetic_demo,seeded synthetic generator; not market prices,-0.9814804363577532,0.13333208669019103,0.16456066255555765,0.022807680336493802,0.6341045006398074
DEMO1,2018-02-01,2018-03-01,0.07537970672472799,synthetic_demo,seeded synthetic generator; not market prices,0.1384241008613536,-0.08247476234160048,-0.04878683252365029,0.12594208926043204,0.7973586215396566
DEMO2,2018-02-01,2018-03-01,-0.09944138753975504,synthetic_demo,seeded synthetic generator; not market prices,-0.6745130277900848,-0.004606003590283389,0.02854955027321099,0.12068707750023926,0.8431555766318766
DEMO3,2018-02-01,2018-03-01,0.10709213984178276,synthetic_demo,seeded synthetic generator; not market prices,0.20684890866664296,0.2542202082486557,0.19088389468443429,0.06474897613145233,0.42287938247992174
DEMO4,2018-02-01,2018-03-01,0.07548027684932711,synthetic_demo,seeded synthetic generator; not market prices,0.20146783772528498,0.18995983204525327,0.1508296914289022,0.16440085417826011,0.2546758751562547
DEMO0,2018-03-01,2018-03-29,0.09463731921913501,synthetic_demo,seeded synthetic generator; not market prices,-0.30704268918563815,0.05003452928926687,0.055504643292069986,0.04320954254159877,0.6956638649785115
DEMO1,2018-03-01,2018-03-29,-0.049489498536835694,synthetic_demo,seeded synthetic generator; not market prices,-0.3656936577400425,0.07062561002270495,0.20805000967621257,0.12072319083610952,0.3006030630188739
DEMO2,2018-03-01,2018-03-29,0.08975567367056836,synthetic_demo,seeded synthetic generator; not market prices,-0.6541121271158439,0.04724631141093005,-0.0042121693467571525,0.11692817329100418,0.21160586132828985
DEMO3,2018-03-01,2018-03-29,-0.05026273022086103,synthetic_demo,seeded synthetic generator; not market prices,0.16927766826833102,0.04137345269097592,0.11990298478408665,0.12265274268625188,0.5753402891779626
DEMO4,2018-03-01,2018-03-29,-0.14627892440131374,synthetic_demo,seeded synthetic generator; not market prices,-0.4536256169982473,-0.049531790798301605,-2.524311385171396e-05,0.15067330887285207,0.6645347326622464
DEMO0,2018-04-01,2018-04-29,-0.041612161523240446,synthetic_demo,seeded synthetic generator; not market prices,-0.9636789121712719,0.1594841663079908,0.18473789911170568,0.18155021057311432,0.37756515459327994
DEMO1,2018-04-01,2018-04-29,0.013181768268860944,synthetic_demo,seeded synthetic generator; not market prices,0.10708168017922293,0.0813525885700429,0.13034240274921305,0.19723986669630392,0.5968564567235708
DEMO2,2018-04-01,2018-04-29,0.04594717565957692,synthetic_demo,seeded synthetic generator; not market prices,0.9668341519858752,0.0017072083586922651,0.11737849558484198,0.10787500527663575,0.7572199894172649
DEMO3,2018-04-01,2018-04-29,0.0018114357864563776,synthetic_demo,seeded synthetic generator; not market prices,-0.1840771392788696,-0.03536793004704488,0.12491622674427517,0.09588044519224771,0.6778071187464543
DEMO4,2018-04-01,2018-04-29,-0.07202701901456418,synthetic_demo,seeded synthetic generator; not market prices,0.923099259082065,-0.017748934863849458,0.215022155193317,0.05027522923594277,0.5288606217223795
DEMO0,2018-05-01,2018-05-29,0.0538068579888502,synthetic_demo,seeded synthetic generator; not market prices,0.7567314676216033,0.04371007336392387,0.09059113156599033,0.1928513897357101,0.7117951836569567
DEMO1,2018-05-01,2018-05-29,-0.04195890754965251,synthetic_demo,seeded synthetic generator; not market prices,0.13986763728305274,-0.09533369178700565,0.0696154790568084,0.07482648496628275,0.7586682050728331
DEMO2,2018-05-01,2018-05-29,0.13465901818416467,synthetic_demo,seeded synthetic generator; not market prices,-0.5912052658371416,0.2604864010585024,0.07312486199678819,0.2343036128438682,0.46400127624897647
DEMO3,2018-05-01,2018-05-29,-0.00337056322914734,synthetic_demo,seeded synthetic generator; not market prices,0.7751421769760867,0.05572693912553732,0.12923795781142677,0.3107312207620521,0.6066925616236355
DEMO4,2018-05-01,2018-05-29,0.019955921667852032,synthetic_demo,seeded synthetic generator; not market prices,0.2035495117354169,-0.0034199044501209766,0.06081998536790327,0.17451608159352666,0.4640441880181027
DEMO0,2018-06-01,2018-06-29,-0.07263441194594432,synthetic_demo,seeded synthetic generator; not market prices,-0.7377826139475603,0.08038997519265217,0.13399727179489196,0.0037819840376750874,0.8684288742990653
DEMO1,2018-06-01,2018-06-29,-0.09816504987404628,synthetic_demo,seeded synthetic generator; not market prices,-0.8021509897903554,0.03299065073695811,0.10671848026515635,0.07838963012566315,0.34146167115183457
DEMO2,2018-06-01,2018-06-29,0.0378472655773549,synthetic_demo,seeded synthetic generator; not market prices,0.044024602733024665,-0.030184896191960083,0.09627301837285286,0.1367318570788343,0.5370439382283965
DEMO3,2018-06-01,2018-06-29,-0.04673113965849728,synthetic_demo,seeded synthetic generator; not market prices,0.30503840150532646,-0.18703355039742925,-0.056687315231762486,0.11926084242424131,0.4063417647021799
DEMO4,2018-06-01,2018-06-29,-0.025577030496440598,synthetic_demo,seeded synthetic generator; not market prices,0.7534215945292386,0.06706718074122169,0.17581196878786398,0.053333705944946505,0.867099392937587
DEMO0,2018-07-01,2018-07-29,-0.04674979168044571,synthetic_demo,seeded synthetic generator; not market prices,-0.7244129281443896,0.18939368543757346,0.06549284494083916,-0.030101990649579274,0.7920578704614998
DEMO1,2018-07-01,2018-07-29,-0.045015272459121056,synthetic_demo,seeded synthetic generator; not market prices,0.0847288046044099,-0.009006635270567165,0.10308648983847338,0.10129522015065318,0.7963532104563591
DEMO2,2018-07-01,2018-07-29,0.01018017729194993,synthetic_demo,seeded synthetic generator; not market prices,0.4702588550392668,0.09746506462245538,-0.02285136559408954,0.14338150231920013,0.7320104802208245
DEMO3,2018-07-01,2018-07-29,-0.0021840105763061965,synthetic_demo,seeded synthetic generator; not market prices,-0.5863729449719366,-0.034664893435366155,0.2648238536419263,0.10647411304631405,0.2702769519548665
DEMO4,2018-07-01,2018-07-29,0.07919830665781602,synthetic_demo,seeded synthetic generator; not market prices,0.692957072135914,-0.050210701737620024,0.1317626640012393,0.1533349253190075,0.37168128111624676
DEMO0,2018-08-01,2018-08-29,0.05479843093326925,synthetic_demo,seeded synthetic generator; not market prices,0.7026692988044076,0.21235621078759492,0.14235307257005778,0.2018057227251419,0.3713575510851018
DEMO1,2018-08-01,2018-08-29,0.02603945906762064,synthetic_demo,seeded synthetic generator; not market prices,0.8800380216150294,0.05430710333528705,0.05428406246426102,0.11003052948301606,0.5434255408583103
DEMO2,2018-08-01,2018-08-29,0.06817795944686032,synthetic_demo,seeded synthetic generator; not market prices,0.07313602715417855,0.012127680409091776,0.1060570630365467,0.12036100082616429,0.8665748010919783
DEMO3,2018-08-01,2018-08-29,0.11074442720471098,synthetic_demo,seeded synthetic generator; not market prices,0.9064110498103779,0.07715440982910002,0.14716375088284817,0.05094812944886598,0.37722922428862105
DEMO4,2018-08-01,2018-08-29,0.010347868585016464,synthetic_demo,seeded synthetic generator; not market prices,-0.7620933785195774,0.06539316793540603,0.1709115167654362,0.14944600253962914,0.525509892392491
DEMO0,2018-09-01,2018-09-29,-0.11294294774877117,synthetic_demo,seeded synthetic generator; not market prices,0.06377218269213625,0.08030095083196284,-0.13444755006822207,0.14297314418310297,0.7191302429120607
DEMO1,2018-09-01,2018-09-29,-0.04197278696758221,synthetic_demo,seeded synthetic generator; not market prices,-0.694245755747328,0.09730352047201543,0.007005697588805565,0.07727387748726366,0.43968257376744
DEMO2,2018-09-01,2018-09-29,-0.047265780178760194,synthetic_demo,seeded synthetic generator; not market prices,0.24541748997641633,0.03976961761883846,0.13264289415050134,0.21701246390991646,0.846648321265226
DEMO3,2018-09-01,2018-09-29,0.06655094650200069,synthetic_demo,seeded synthetic generator; not market prices,0.2780272985283292,0.03572671165718909,-0.009179332176125224,0.1046500757195506,0.24344417457810869
DEMO4,2018-09-01,2018-09-29,-0.09249311744411218,synthetic_demo,seeded synthetic generator; not market prices,-0.7419398856359165,0.006064510102291594,0.09150544555019391,0.13338732110436996,0.8452967151084965
DEMO0,2018-10-01,2018-10-29,0.0742294279222312,synthetic_demo,seeded synthetic generator; not market prices,0.4523602567678022,0.1725615058483036,0.06701305022362156,0.034989474444187554,0.5309487809312987
DEMO1,2018-10-01,2018-10-29,-0.07043751734120343,synthetic_demo,seeded synthetic generator; not market prices,-0.3145727144900883,0.06753780585563275,0.1588466473942699,0.14246318710237577,0.22817761795794664
DEMO2,2018-10-01,2018-10-29,0.12474564766172261,synthetic_demo,seeded synthetic generator; not market prices,0.7849753793746526,0.0036856288635464182,0.06137678730202842,0.17223333656518358,0.8632749197661946
DEMO3,2018-10-01,2018-10-29,0.03160466398332404,synthetic_demo,seeded synthetic generator; not market prices,0.4770214253732572,0.02683189820437796,0.12821761304210744,0.16600937230705462,0.556253906225948
DEMO4,2018-10-01,2018-10-29,-0.004887113883937336,synthetic_demo,seeded synthetic generator; not market prices,-0.16139802414437954,0.03288608247688814,0.041657045090107085,0.09513161604984849,0.5080350757634866
DEMO0,2018-11-01,2018-11-29,-0.07586168780568425,synthetic_demo,seeded synthetic generator; not market prices,-0.8165526418819866,0.12040950906426279,0.07001268296819124,0.16537488981778836,0.2138365117398842
DEMO1,2018-11-01,2018-11-29,-0.03863143639192347,synthetic_demo,seeded synthetic generator; not market prices,-0.6043803054816062,-0.020089369250829936,-0.03240762745481471,0.057297377424821855,0.6674944111935904
DEMO2,2018-11-01,2018-11-29,0.006979455989733558,synthetic_demo,seeded synthetic generator; not market prices,-0.44969494879657335,-0.0004198361168711445,0.14957615723859832,0.14039252167156221,0.8372288371296768
DEMO3,2018-11-01,2018-11-29,-0.040410329142068026,synthetic_demo,seeded synthetic generator; not market prices,0.08415806990143837,-0.21295440101329313,0.07084493981884311,-0.010812603869368442,0.3785748517191665
DEMO4,2018-11-01,2018-11-29,-0.00044043726352645945,synthetic_demo,seeded synthetic generator; not market prices,-0.35901767664396766,0.1825161271265345,0.1162220038601894,0.089978335356186,0.21625930764273094
DEMO0,2018-12-01,2018-12-29,-0.009780656522191636,synthetic_demo,seeded synthetic generator; not market prices,0.7502152266450233,0.15833635803529214,0.055378292320846116,0.16834071835455006,0.7977890633030604
DEMO1,2018-12-01,2018-12-29,-0.0009792370941126283,synthetic_demo,seeded synthetic generator; not market prices,0.08909680408267917,0.12382796144458061,0.1081540709898126,0.07426059251834086,0.3709435005361218
DEMO2,2018-12-01,2018-12-29,0.020109833010793377,synthetic_demo,seeded synthetic generator; not market prices,0.8477489989970126,-0.07467502008816773,0.1350009798895896,0.04549466826729644,0.7352670599933997
DEMO3,2018-12-01,2018-12-29,-0.005586532136746703,synthetic_demo,seeded synthetic generator; not market prices,-0.03878473811538696,-0.12527787866244408,0.2177611653192107,0.1289905448392368,0.4025240952716342
DEMO4,2018-12-01,2018-12-29,-0.022748750949207558,synthetic_demo,seeded synthetic generator; not market prices,0.1719227481921095,0.02155778747655787,0.21632401451659666,0.09261173134651665,0.8023989435060632
DEMO0,2019-01-01,2019-01-29,-0.05631116810004438,synthetic_demo,seeded synthetic generator; not market prices,-0.9849859344000003,-0.0886355062748263,0.1364018976278016,0.20670755741559202,0.29683034908123446
DEMO1,2019-01-01,2019-01-29,0.04583921565702944,synthetic_demo,seeded synthetic generator; not market prices,-0.7685916653811411,0.01248488157372303,-0.027423540777722216,0.06522732079687035,0.3077745078043385
DEMO2,2019-01-01,2019-01-29,0.04380485789005066,synthetic_demo,seeded synthetic generator; not market prices,0.23933705193972288,-0.03039021020850808,0.2148240125316352,0.13462514882409887,0.29659826214353374
DEMO3,2019-01-01,2019-01-29,0.024866365778977637,synthetic_demo,seeded synthetic generator; not market prices,-0.4587356954582791,0.05324748707346622,0.06733334697386648,0.036113420412068956,0.782770499446805
DEMO4,2019-01-01,2019-01-29,-0.05409432143701462,synthetic_demo,seeded synthetic generator; not market prices,-0.1530092106406924,-0.031530667958739995,0.10068045013785229,0.16769593517493764,0.6568807144084786
DEMO0,2019-02-01,2019-03-01,0.12082743807411196,synthetic_demo,seeded synthetic generator; not market prices,0.9988438184483757,0.031950588453846705,0.22633484023853057,0.14967339931937118,0.8836648547516124
DEMO1,2019-02-01,2019-03-01,0.06790644031654879,synthetic_demo,seeded synthetic generator; not market prices,-0.0775822283248524,0.11369190125351483,0.14786776376599065,0.15117963440079016,0.44733638654792746
DEMO2,2019-02-01,2019-03-01,0.0018225849526261086,synthetic_demo,seeded synthetic generator; not market prices,0.6642401505639721,-0.055351934615006586,0.204285205424647,0.17041320976165183,0.7241745457669384
DEMO3,2019-02-01,2019-03-01,-0.014587779866181072,synthetic_demo,seeded synthetic generator; not market prices,-0.017485107217267704,0.011147536351558861,0.10816250377924594,0.12473932298040058,0.2672666630803169
DEMO4,2019-02-01,2019-03-01,-0.024013907399113667,synthetic_demo,seeded synthetic generator; not market prices,0.06768002654792071,-0.07863525793215273,0.13602538224350505,0.1201865130111382,0.5054216617859841
DEMO0,2019-03-01,2019-03-29,-0.1387774583904629,synthetic_demo,seeded synthetic generator; not market prices,-0.9303232994401687,0.00758138447954846,0.2417072993814147,0.11409323986152722,0.30280461437498296
DEMO1,2019-03-01,2019-03-29,0.09660205280809361,synthetic_demo,seeded synthetic generator; not market prices,0.6462492199001895,0.008431189065237661,0.04513178590586858,0.20290245560266781,0.47613706255712807
DEMO2,2019-03-01,2019-03-29,-0.14847742488998045,synthetic_demo,seeded synthetic generator; not market prices,-0.48509608135207327,0.0444673403705892,0.09289628418299993,0.12022777509728755,0.5252757465001308
DEMO3,2019-03-01,2019-03-29,-0.04283513941072936,synthetic_demo,seeded synthetic generator; not market prices,-0.5616215670427354,-0.02518049972673366,0.10116223055500552,0.16140626548584075,0.26018764507766157
DEMO4,2019-03-01,2019-03-29,-0.018138531088428996,synthetic_demo,seeded synthetic generator; not market prices,-0.6493069770921562,0.1636234483783277,0.11472462650172524,0.17775945434921048,0.29604788045342867
DEMO0,2019-04-01,2019-04-29,-0.08420457641240098,synthetic_demo,seeded synthetic generator; not market prices,-0.1025409855974988,0.05327357470944133,0.10010718774035895,0.20837721433137446,0.811001271141925
DEMO1,2019-04-01,2019-04-29,-0.07587965623790344,synthetic_demo,seeded synthetic generator; not market prices,-0.5584041575821319,-0.0035912777082566724,0.0796313464187176,0.029560461133617155,0.5964944555667513
DEMO2,2019-04-01,2019-04-29,-0.04596354698473089,synthetic_demo,seeded synthetic generator; not market prices,0.6570938496775716,0.2562090337296576,0.06706004658522806,0.09818500258159206,0.6210909167192109
DEMO3,2019-04-01,2019-04-29,-0.026353823209434055,synthetic_demo,seeded synthetic generator; not market prices,-0.4796306893140172,-0.07974223798928307,0.09321195746703922,0.023987649057391355,0.592856147523031
DEMO4,2019-04-01,2019-04-29,0.025902529962512997,synthetic_demo,seeded synthetic generator; not market prices,-0.45860647700978596,0.09009663504904175,-0.005639118732562981,0.1712811438081337,0.6736566677567464
DEMO0,2019-05-01,2019-05-29,-0.06735487783671139,synthetic_demo,seeded synthetic generator; not market prices,-0.9978650699545055,-0.12516649988935374,0.07470418363350496,0.14192182452382604,0.320372246355916
DEMO1,2019-05-01,2019-05-29,0.14864052159477276,synthetic_demo,seeded synthetic generator; not market prices,-0.06008811942532,0.16090129251838706,0.07946767068801977,0.16500730872821667,0.35062479224010296
DEMO2,2019-05-01,2019-05-29,-0.04974282878007509,synthetic_demo,seeded synthetic generator; not market prices,-0.6090269808359918,-0.07118397333885806,0.21879350293870808,0.05650313694974177,0.3448896117485878
DEMO3,2019-05-01,2019-05-29,-0.07415354831058757,synthetic_demo,seeded synthetic generator; not market prices,-0.6477234016538402,0.027712395206668437,0.04795491036755264,0.07954725229652945,0.4525310805627775
DEMO4,2019-05-01,2019-05-29,-0.03700014343626605,synthetic_demo,seeded synthetic generator; not market prices,-0.2852607529958917,0.07570132854226659,0.1709407243523791,0.09065535191286457,0.8218558171439883
DEMO0,2019-06-01,2019-06-29,0.016220777182146484,synthetic_demo,seeded synthetic generator; not market prices,-0.8003378856464196,-0.12536111322174393,-0.04484949439843158,-0.014987026677096449,0.285378274946736
DEMO1,2019-06-01,2019-06-29,0.09687900276690967,synthetic_demo,seeded synthetic generator; not market prices,0.5085430298757849,0.1948676514785409,0.13287860615207003,0.16695352954290954,0.2309225720609129
DEMO2,2019-06-01,2019-06-29,-0.07743852787052373,synthetic_demo,seeded synthetic generator; not market prices,-0.35212666212472765,-0.029197675068043154,0.1447632296492933,0.15397126551448997,0.3192388355609632
DEMO3,2019-06-01,2019-06-29,0.051036465858411775,synthetic_demo,seeded synthetic generator; not market prices,-0.0027209062473696477,0.050380665030575415,0.1261607895031452,0.07244845017252513,0.28963682738345087
DEMO4,2019-06-01,2019-06-29,0.0031055427569495683,synthetic_demo,seeded synthetic generator; not market prices,-0.6135833551097389,0.22622561441469863,0.20215846657584347,0.059922514034607355,0.45107095406953784
DEMO0,2019-07-01,2019-07-29,-0.09150306757608061,synthetic_demo,seeded synthetic generator; not market prices,-0.13696199262529074,0.04815839512613066,0.06702804972344259,0.011538188413504027,0.47404438567146434
DEMO1,2019-07-01,2019-07-29,-0.004869679265587776,synthetic_demo,seeded synthetic generator; not market prices,-0.0979069996294899,0.22201511885670977,0.03624712085626479,0.13811824455115626,0.5880793163658345
DEMO2,2019-07-01,2019-07-29,0.011914634002021987,synthetic_demo,seeded synthetic generator; not market prices,-0.3085383884747348,0.0353754085787905,0.23917184335448094,0.09106605127782473,0.7061796615017704
DEMO3,2019-07-01,2019-07-29,0.01103930733085141,synthetic_demo,seeded synthetic generator; not market prices,-0.5709220548797127,-0.013658918879593605,0.09603529299587339,0.1130700672420639,0.778752917346621
DEMO4,2019-07-01,2019-07-29,0.06424700777058509,synthetic_demo,seeded synthetic generator; not market prices,0.19478905814768144,0.11122656338866799,0.22295725231341157,0.2069606880741782,0.47473931398546065
DEMO0,2019-08-01,2019-08-29,-0.005668141153596998,synthetic_demo,seeded synthetic generator; not market prices,0.1579550495004851,0.042802637933746654,0.05202004407049082,0.21720421854816307,0.5938676096823532
DEMO1,2019-08-01,2019-08-29,-0.02221523881648436,synthetic_demo,seeded synthetic generator; not market prices,0.48691992244477067,-0.22047384917544935,-0.06112820758922319,0.16775031931318643,0.20383117618423924
DEMO2,2019-08-01,2019-08-29,-0.012507428746057515,synthetic_demo,seeded synthetic generator; not market prices,-0.33856786650778914,0.03721195469795606,0.2602807528321074,0.16945197718775176,0.3892392517395293
DEMO3,2019-08-01,2019-08-29,-0.06897120504625728,synthetic_demo,seeded synthetic generator; not market prices,0.549815806762656,-0.2155037467040021,0.12061123367369285,0.17072898650891122,0.8745059385555076
DEMO4,2019-08-01,2019-08-29,0.0032698983973792548,synthetic_demo,seeded synthetic generator; not market prices,-0.6247814144699328,-0.07584214337705161,0.10427853014575203,-0.0050641292993084674,0.7676740315679453
DEMO0,2019-09-01,2019-09-29,-0.07503205150397754,synthetic_demo,seeded synthetic generator; not market prices,0.1287853607183571,-0.257685021198145,0.020286509919808834,0.19397411604616177,0.4589890574930385
DEMO1,2019-09-01,2019-09-29,0.10711710916945717,synthetic_demo,seeded synthetic generator; not market prices,-0.7632018336426625,0.1365484361901804,0.045990883828523094,0.1442372412441367,0.4126576328869609
DEMO2,2019-09-01,2019-09-29,-0.05811018772247704,synthetic_demo,seeded synthetic generator; not market prices,-0.9520592889440891,0.08512532435471336,-0.018804438330194878,0.19142481379762463,0.31437419010461815
DEMO3,2019-09-01,2019-09-29,-0.13295304987196024,synthetic_demo,seeded synthetic generator; not market prices,-0.24653198425024714,-0.14754612144078194,0.11830160231431505,0.17804797637550063,0.5655756257876605
DEMO4,2019-09-01,2019-09-29,-0.00549831175205831,synthetic_demo,seeded synthetic generator; not market prices,-0.7207526916417586,0.12904346835753888,-0.05023910127727263,0.055514039170937154,0.8631238570107231
DEMO0,2019-10-01,2019-10-29,0.0589761690866751,synthetic_demo,seeded synthetic generator; not market prices,0.617939205013498,0.2631393769147974,0.13748422228049623,0.15947328062599075,0.8099863607188498
DEMO1,2019-10-01,2019-10-29,0.14749193365845004,synthetic_demo,seeded synthetic generator; not market prices,-0.14194775728517461,0.09133556778965593,0.1351192823511116,0.0883970764832275,0.8954800977507931
DEMO2,2019-10-01,2019-10-29,0.0046853051584780855,synthetic_demo,seeded synthetic generator; not market prices,-0.9192015423156736,-0.04787424576824908,0.17327442418236788,0.11345129090631993,0.23158032199649498
DEMO3,2019-10-01,2019-10-29,0.023475102453653838,synthetic_demo,seeded synthetic generator; not market prices,0.6749514875755538,0.08231526447006068,0.25303638461854017,0.14797065973183865,0.5744287070831093
DEMO4,2019-10-01,2019-10-29,0.04776128193890537,synthetic_demo,seeded synthetic generator; not market prices,0.13489622709864668,0.009524478634266274,0.06977547737933824,0.174978686464474,0.8781266249531192
DEMO0,2019-11-01,2019-11-29,0.03771947697016967,synthetic_demo,seeded synthetic generator; not market prices,-0.6212730166542924,0.08523373428344466,0.009840967183930904,0.19971786401096614,0.8071121283508269
DEMO1,2019-11-01,2019-11-29,0.08033406469472579,synthetic_demo,seeded synthetic generator; not market prices,0.6600383583180562,0.13949452852792635,0.13238840701085672,0.023683725172045936,0.2888546797536439
DEMO2,2019-11-01,2019-11-29,-0.15810961102234422,synthetic_demo,seeded synthetic generator; not market prices,0.09135138816209554,0.061271364033862685,0.12329851334779038,0.20841668353518572,0.6933868261302266
DEMO3,2019-11-01,2019-11-29,-0.07347076005869357,synthetic_demo,seeded synthetic generator; not market prices,-0.08719228419630931,0.02024187669472585,-0.040167885818157695,0.12565098349393872,0.2628272646758367
DEMO4,2019-11-01,2019-11-29,0.03347611501656551,synthetic_demo,seeded synthetic generator; not market prices,0.5597396877446235,-0.06989881727557254,0.04624703810562586,0.2086436180502021,0.22462318752909383
DEMO0,2019-12-01,2019-12-29,-0.05477141622499172,synthetic_demo,seeded synthetic generator; not market prices,-0.5883604139739849,0.2634781073673856,0.14821219570451993,0.1090500094409843,0.8553238521481372
DEMO1,2019-12-01,2019-12-29,0.02508553706695812,synthetic_demo,seeded synthetic generator; not market prices,-0.5272791292329109,0.0011218269404283804,0.08367443879612523,0.09050066310207093,0.33658696876463545
DEMO2,2019-12-01,2019-12-29,0.1810187534136223,synthetic_demo,seeded synthetic generator; not market prices,0.8248975925912836,0.1182097769683648,0.0992964248411543,0.15079198866463087,0.7604085344716951
DEMO3,2019-12-01,2019-12-29,0.1372617449806543,synthetic_demo,seeded synthetic generator; not market prices,0.7282736583854497,0.19131247882755814,0.20943259605767767,0.06887047164206436,0.35815027054174775
DEMO4,2019-12-01,2019-12-29,0.12564513256658486,synthetic_demo,seeded synthetic generator; not market prices,0.8913873036489466,0.0433626624431052,0.0826219073425059,0.10743547037762351,0.3279661393016836
